codigo_ibge,nome_municipio
2200053,Acauã
2200103,Agricolândia
2200202,Água Branca
2200251,Alagoinha do Piauí
2200277,Alegrete do Piauí
2200301,Alto Longá
2200400,Altos
2200459,Alvorada do Gurguéia
2200509,Amarante
2200608,Angical do Piauí
2200707,Anísio de Abreu
2200806,Antônio Almeida
2200905,Aroazes
2200954,Aroeiras do Itaim
2201002,Arraial
2201051,Assunção do Piauí
2201101,Avelino Lopes
2201150,Baixa Grande do Ribeiro
2201176,Barra D'Alcântara
2201200,Barras
2201309,Barreiras do Piauí
2201408,Barro Duro
2201507,Batalha
2201556,Bela Vista do Piauí
2201572,Belém do Piauí
2201606,Beneditinos
2201705,Bertolínia
2201739,Betânia do Piauí
2201770,Boa Hora
2201804,Bocaina
2201903,Bom Jesus
2201919,Bom Princípio do Piauí
2201929,Bonfim do Piauí
2201945,Boqueirão do Piauí
2201960,Brasileira
2201988,Brejo do Piauí
2202000,Buriti dos Lopes
2202026,Buriti dos Montes
2202059,Cajazeiras do Piauí
2202075,Cajueiro da Praia
2202083,Caldeirão Grande do Piauí
2202091,Campinas do Piauí
2202109,Campo Alegre do Fidalgo
2202117,Campo Grande do Piauí
2202133,Campo Largo do Piauí
2202174,Campo Maior
2202208,Canavieira
2202251,Canto do Buriti
2202307,Capitão de Campos
2202406,Capitão Gervásio Oliveira
2202455,Caracol
2202505,Caridade do Piauí
2202539,Castelo do Piauí
2202554,Caxingó
2202604,Cocal
2202653,Cocal de Telha
2202703,Cocal dos Alves
2202711,Coivaras
2202729,Colônia do Gurguéia
2202737,Colônia do Piauí
2202752,Conceição do Canindé
2202778,Coronel José Dias
2202802,Corrente
2202851,Cristalândia do Piauí
2202901,Cristino Castro
2203008,Curimatá
2203107,Currais
2203206,Curralinhos
2203230,Curral Novo do Piauí
2203255,Demerval Lobão
2203271,Dirceu Arcoverde
2203305,Dom Expedito Lopes
2203354,Domingos Mourão
2203404,Dom Inocêncio
2203420,Elesbão Veloso
2203453,Eliseu Martins
2203503,Esperantina
2203602,Fartura do Piauí
2203701,Flores do Piauí
2203750,Floresta do Piauí
2203800,Floriano
2203859,Francinópolis
2203909,Francisco Ayres
2204006,Francisco Macedo
2204105,Francisco Santos
2204154,Fronteiras
2204204,Geminiano
2204303,Gilbués
2204352,Guadalupe
2204402,Guaribas
2204501,Hugo Napoleão
2204550,Ilha Grande
2204600,Inhuma
2204659,Ipiranga do Piauí
2204709,Isaías Coelho
2204808,Itainópolis
2204907,Itaueira
2205003,Jacobina do Piauí
2205102,Jaicós
2205151,Jardim do Mulato
2205201,Jatobá do Piauí
2205250,Jerumenha
2205276,João Costa
2205300,Joaquim Pires
2205359,Joca Marques
2205409,José de Freitas
2205458,Juazeiro do Piauí
2205508,Júlio Borges
2205516,Jurema
2205524,Lagoa Alegre
2205532,Lagoa do Barro do Piauí
2205540,Lagoa de São Francisco
2205557,Lagoa do Piauí
2205565,Lagoa do Sítio
2205573,Lagoinha do Piauí
2205581,Landri Sales
2205599,Luís Correia
2205607,Luzilândia
2205706,Madeiro
2205805,Manoel Emídio
2205854,Marcolândia
2205904,Marcos Parente
2205953,Massapê do Piauí
2206001,Matias Olímpio
2206100,Miguel Alves
2206209,Miguel Leão
2206308,Milton Brandão
2206357,Monsenhor Gil
2206407,Monsenhor Hipólito
2206506,Monte Alegre do Piauí
2206605,Morro Cabeça no Tempo
2206654,Morro do Chapéu do Piauí
2206670,Murici dos Portelas
2206696,Nazaré do Piauí
2206704,Nazária
2206720,Nossa Senhora de Nazaré
2206753,Nossa Senhora dos Remédios
2206803,Novo Oriente do Piauí
2206902,Novo Santo Antônio
2206951,Oeiras
2207009,Olho D'Água do Piauí
2207108,Padre Marcos
2207207,Paes Landim
2207306,Pajeú do Piauí
2207355,Palmeira do Piauí
2207405,Palmeirais
2207504,Paquetá
2207553,Parnaguá
2207603,Parnaíba
2207702,Passagem Franca do Piauí
2207751,Patos do Piauí
2207777,Pau D'Arco do Piauí
2207793,Paulistana
2207801,Pavussu
2207850,Pedro II
2207900,Pedro Laurentino
2207934,Nova Santa Rita
2207959,Picos
2208007,Pimenteiras
2208106,Pio IX
2208205,Piracuruca
2208304,Piripiri
2208403,Porto
2208502,Porto Alegre do Piauí
2208551,Prata do Piauí
2208601,Queimada Nova
2208650,Redenção do Gurguéia
2208700,Regeneração
2208809,Riacho Frio
2208858,Ribeira do Piauí
2208908,Ribeiro Gonçalves
2209005,Rio Grande do Piauí
2209104,Santa Cruz do Piauí
2209153,Santa Cruz dos Milagres
2209203,Santa Filomena
2209302,Santa Luz
2209351,Santana do Piauí
2209377,Santa Rosa do Piauí
2209401,Santo Antônio de Lisboa
2209450,Santo Antônio dos Milagres
2209500,Santo Inácio do Piauí
2209559,São Braz do Piauí
2209609,São Félix do Piauí
2209658,São Francisco de Assis do Piauí
2209708,São Francisco do Piauí
2209757,São Gonçalo do Gurguéia
2209807,São Gonçalo do Piauí
2209856,São João da Canabrava
2209872,São João da Fronteira
2209906,São João da Serra
2209955,São João da Varjota
2209971,São João do Arraial
2210003,São João do Piauí
2210052,São José do Divino
2210102,São José do Peixe
2210201,São José do Piauí
2210300,São Julião
2210359,São Lourenço do Piauí
2210375,São Luis do Piauí
2210383,São Miguel da Baixa Grande
2210391,São Miguel do Fidalgo
2210409,São Miguel do Tapuio
2210508,São Pedro do Piauí
2210607,São Raimundo Nonato
2210623,Sebastião Barros
2210631,Sebastião Leal
2210656,Sigefredo Pacheco
2210706,Simões
2210805,Simplício Mendes
2210904,Socorro do Piauí
2210938,Sussuapara
2210953,Tamboril do Piauí
2210979,Tanque do Piauí
2211001,Teresina
2211100,União
2211209,Uruçuí
2211308,Valença do Piauí
2211357,Várzea Branca
2211407,Várzea Grande
2211506,Vera Mendes
2211605,Vila Nova do Piauí
2211704,Wall Ferraz